<Products>
  <Product>
    <name>CocaCola</name>
    <Quantity>13</Quantity>
  </Product>
  <Product>
    <name>Fanta</name>
    <Quantity>15</Quantity>
  </Product>
  <Product>
    <name>Sprite</name>
    <Quantity>13</Quantity>
  </Product>
  <Product>
    <name>Cheetos</name>
    <Quantity>10</Quantity>
  </Product>
  <Product>
    <name>Orbit</name>
    <Quantity>20</Quantity>
  </Product>
  <Product>
    <name>Snickers</name>
    <Quantity>9</Quantity>
  </Product>
  <Product>
    <name>Mars</name>
    <Quantity>10</Quantity>
  </Product>
</Products>