<SaleReport>
  <Sales>
    <Date>2021-05-21T11:19:52.6755011</Date>
    <Name>CocaCola</Name>
    <Price>3.5</Price>
    <PaymentMethod>Cash</PaymentMethod>
  </Sales>
  <Sales>
    <Date>2021-05-21T11:23:39.6961826</Date>
    <Name>CocaCola</Name>
    <Price>3.5</Price>
    <PaymentMethod>Cash</PaymentMethod>
  </Sales>
  <Sales>
    <Date>2021-05-21T11:23:55.3944874</Date>
    <Name>Sprite</Name>
    <Price>3.5</Price>
    <PaymentMethod>Cash</PaymentMethod>
  </Sales>
  <Sales>
    <Date>2021-05-21T11:24:28.8874689</Date>
    <Name>Sprite</Name>
    <Price>3.5</Price>
    <PaymentMethod>Cash</PaymentMethod>
  </Sales>
  <Sales>
    <Date>2021-05-22T13:03:55.0965928</Date>
    <Name>CocaCola</Name>
    <Price>3.5</Price>
    <PaymentMethod>Card</PaymentMethod>
  </Sales>
  <Sales>
    <Date>2021-05-22T13:05:11.074236</Date>
    <Name>CocaCola</Name>
    <Price>3.5</Price>
    <PaymentMethod>Cash</PaymentMethod>
  </Sales>
</SaleReport>